[
  {
    "Contract Name": "SNOW201218C00120000",
    "Last Trade Date": "2020-12-04T18:36",
    "Strike": "120.00",
    "Last Price": "267.80",
    "Bid": "229.20",
    "Ask": "238.40",
    "Change": "0.00",
    "percentChange": "0.00%",
    "Volume": "1",
    "OpenInterest": "3",
    "ImpliedVolatility": "625.68%"
  },
  {
    "Contract Name": "SNOW201218C00125000",
    "Last Trade Date": "2020-12-09T17:15",
    "Strike": "125.00",
    "Last Price": "251.10",
    "Bid": "224.30",
    "Ask": "233.40",
    "Change": "0.00",
    "percentChange": "0.00%",
    "Volume": "1",
    "OpenInterest": "8",
    "ImpliedVolatility": "604.10%"
  },
  {
    "Contract Name": "SNOW201218C00130000",
    "Last Trade Date": "2020-12-10T14:36",
    "Strike": "130.00",
    "Last Price": "234.70",
    "Bid": "219.00",
    "Ask": "227.20",
    "Change": "0.00",
    "percentChange": "0.00%",
    "Volume": "4",
    "OpenInterest": "10",
    "ImpliedVolatility": "543.36%"
  },
  {
    "Contract Name": "SNOW201218C00135000",
    "Last Trade Date": "2020-12-08T18:34",
    "Strike": "135.00",
    "Last Price": "280.10",
    "Bid": "213.80",
    "Ask": "222.20",
    "Change": "0.00",
    "percentChange": "0.00%",
    "Volume": "2",
    "OpenInterest": "1",
    "ImpliedVolatility": "524.81%"
  },
  {
    "Contract Name": "SNOW201218C00140000",
    "Last Trade Date": "2020-12-08T18:45",
    "Strike": "140.00",
    "Last Price": "273.80",
    "Bid": "208.80",
    "Ask": "217.20",
    "Change": "0.00",
    "percentChange": "0.00%",
    "Volume": "1",
    "OpenInterest": "5",
    "ImpliedVolatility": "506.93%"
  },
  {
    "Contract Name": "SNOW201218C00145000",
    "Last Trade Date": "2020-12-07T15:52",
    "Strike": "145.00",
    "Last Price": "243.80",
    "Bid": "203.80",
    "Ask": "212.10",
    "Change": "0.00",
    "percentChange": "0.00%",
    "Volume": "2",
    "OpenInterest": "8",
    "ImpliedVolatility": "486.43%"
  },
  {
    "Contract Name": "SNOW201218C00150000",
    "Last Trade Date": "2020-11-24T20:27",
    "Strike": "150.00",
    "Last Price": "225.20",
    "Bid": "198.90",
    "Ask": "207.00",
    "Change": "0.00",
    "percentChange": "0.00%",
    "Volume": "1",
    "OpenInterest": "3",
    "ImpliedVolatility": "466.65%"
  },
  {
    "Contract Name": "SNOW201218C00155000",
    "Last Trade Date": "2020-12-07T20:22",
    "Strike": "155.00",
    "Last Price": "235.90",
    "Bid": "193.80",
    "Ask": "203.00",
    "Change": "0.00",
    "percentChange": "0.00%",
    "Volume": "1",
    "OpenInterest": "7",
    "ImpliedVolatility": "480.71%"
  },
  {
    "Contract Name": "SNOW201218C00160000",
    "Last Trade Date": "2020-12-07T14:53",
    "Strike": "160.00",
    "Last Price": "216.00",
    "Bid": "188.80",
    "Ask": "197.00",
    "Change": "0.00",
    "percentChange": "0.00%",
    "Volume": "",
    "OpenInterest": "0",
    "ImpliedVolatility": "435.50%"
  },
  {
    "Contract Name": "SNOW201218C00165000",
    "Last Trade Date": "2020-12-08T14:31",
    "Strike": "165.00",
    "Last Price": "226.20",
    "Bid": "184.10",
    "Ask": "192.60",
    "Change": "0.00",
    "percentChange": "0.00%",
    "Volume": "2",
    "OpenInterest": "7",
    "ImpliedVolatility": "438.09%"
  },
  {
    "Contract Name": "SNOW201218C00170000",
    "Last Trade Date": "2020-12-08T20:21",
    "Strike": "170.00",
    "Last Price": "221.70",
    "Bid": "179.00",
    "Ask": "187.60",
    "Change": "0.00",
    "percentChange": "0.00%",
    "Volume": "2",
    "OpenInterest": "2",
    "ImpliedVolatility": "423.19%"
  },
  {
    "Contract Name": "SNOW201218C00175000",
    "Last Trade Date": "2020-12-10T14:30",
    "Strike": "175.00",
    "Last Price": "187.70",
    "Bid": "193.40",
    "Ask": "201.70",
    "Change": "-37.70",
    "percentChange": "-16.73%",
    "Volume": "10",
    "OpenInterest": "10",
    "ImpliedVolatility": "667.60%"
  },
  {
    "Contract Name": "SNOW201218C00180000",
    "Last Trade Date": "2020-11-16T05:08",
    "Strike": "180.00",
    "Last Price": "58.60",
    "Bid": "168.80",
    "Ask": "177.60",
    "Change": "0.00",
    "percentChange": "0.00%",
    "Volume": "",
    "OpenInterest": "1",
    "ImpliedVolatility": "394.73%"
  },
  {
    "Contract Name": "SNOW201218C00185000",
    "Last Trade Date": "2020-12-04T14:45",
    "Strike": "185.00",
    "Last Price": "179.40",
    "Bid": "164.20",
    "Ask": "172.60",
    "Change": "10.30",
    "percentChange": "6.09%",
    "Volume": "4",
    "OpenInterest": "2",
    "ImpliedVolatility": "381.05%"
  },
  {
    "Contract Name": "SNOW201218C00190000",
    "Last Trade Date": "2020-12-08T14:41",
    "Strike": "190.00",
    "Last Price": "215.20",
    "Bid": "159.20",
    "Ask": "167.70",
    "Change": "0.00",
    "percentChange": "0.00%",
    "Volume": "2",
    "OpenInterest": "4",
    "ImpliedVolatility": "370.17%"
  },
  {
    "Contract Name": "SNOW201218C00195000",
    "Last Trade Date": "2020-11-30T14:35",
    "Strike": "195.00",
    "Last Price": "134.90",
    "Bid": "153.40",
    "Ask": "162.60",
    "Change": "0.00",
    "percentChange": "0.00%",
    "Volume": "1",
    "OpenInterest": "1",
    "ImpliedVolatility": "354.79%"
  },
  {
    "Contract Name": "SNOW201218C00200000",
    "Last Trade Date": "2020-12-09T15:07",
    "Strike": "200.00",
    "Last Price": "181.40",
    "Bid": "149.00",
    "Ask": "157.50",
    "Change": "0.00",
    "percentChange": "0.00%",
    "Volume": "4",
    "OpenInterest": "14",
    "ImpliedVolatility": "339.84%"
  },
  {
    "Contract Name": "SNOW201218C00205000",
    "Last Trade Date": "2020-11-19T17:28",
    "Strike": "205.00",
    "Last Price": "174.40",
    "Bid": "144.00",
    "Ask": "152.70",
    "Change": "0.00",
    "percentChange": "0.00%",
    "Volume": "1",
    "OpenInterest": "6",
    "ImpliedVolatility": "331.98%"
  },
  {
    "Contract Name": "SNOW201218C00210000",
    "Last Trade Date": "2020-12-09T14:30",
    "Strike": "210.00",
    "Last Price": "184.80",
    "Bid": "138.90",
    "Ask": "147.80",
    "Change": "0.00",
    "percentChange": "0.00%",
    "Volume": "1",
    "OpenInterest": "11",
    "ImpliedVolatility": "321.92%"
  },
  {
    "Contract Name": "SNOW201218C00215000",
    "Last Trade Date": "2020-12-07T14:40",
    "Strike": "215.00",
    "Last Price": "162.90",
    "Bid": "134.20",
    "Ask": "142.70",
    "Change": "0.00",
    "percentChange": "0.00%",
    "Volume": "3",
    "OpenInterest": "16",
    "ImpliedVolatility": "307.96%"
  },
  {
    "Contract Name": "SNOW201218C00220000",
    "Last Trade Date": "2020-12-09T17:59",
    "Strike": "220.00",
    "Last Price": "152.28",
    "Bid": "129.20",
    "Ask": "137.80",
    "Change": "0.00",
    "percentChange": "0.00%",
    "Volume": "1",
    "OpenInterest": "6",
    "ImpliedVolatility": "298.29%"
  },
  {
    "Contract Name": "SNOW201218C00225000",
    "Last Trade Date": "2020-12-11T17:29",
    "Strike": "225.00",
    "Last Price": "126.25",
    "Bid": "124.20",
    "Ask": "132.90",
    "Change": "-39.47",
    "percentChange": "-23.82%",
    "Volume": "1",
    "OpenInterest": "5",
    "ImpliedVolatility": "288.72%"
  },
  {
    "Contract Name": "SNOW201218C00230000",
    "Last Trade Date": "2020-12-11T20:54",
    "Strike": "230.00",
    "Last Price": "126.90",
    "Bid": "120.40",
    "Ask": "127.80",
    "Change": "-61.93",
    "percentChange": "-32.80%",
    "Volume": "1",
    "OpenInterest": "41",
    "ImpliedVolatility": "153.52%"
  },
  {
    "Contract Name": "SNOW201218C00235000",
    "Last Trade Date": "2020-12-04T14:58",
    "Strike": "235.00",
    "Last Price": "128.00",
    "Bid": "115.30",
    "Ask": "122.80",
    "Change": "0.00",
    "percentChange": "0.00%",
    "Volume": "3",
    "OpenInterest": "40",
    "ImpliedVolatility": "139.06%"
  },
  {
    "Contract Name": "SNOW201218C00240000",
    "Last Trade Date": "2020-12-10T16:39",
    "Strike": "240.00",
    "Last Price": "145.50",
    "Bid": "109.80",
    "Ask": "116.90",
    "Change": "0.00",
    "percentChange": "0.00%",
    "Volume": "2",
    "OpenInterest": "58",
    "ImpliedVolatility": "237.01%"
  },
  {
    "Contract Name": "SNOW201218C00245000",
    "Last Trade Date": "2020-12-10T18:47",
    "Strike": "245.00",
    "Last Price": "133.60",
    "Bid": "105.30",
    "Ask": "111.70",
    "Change": "0.00",
    "percentChange": "0.00%",
    "Volume": "2",
    "OpenInterest": "71",
    "ImpliedVolatility": "222.95%"
  },
  {
    "Contract Name": "SNOW201218C00247500",
    "Last Trade Date": "2020-12-10T15:17",
    "Strike": "247.50",
    "Last Price": "135.90",
    "Bid": "100.90",
    "Ask": "110.50",
    "Change": "0.00",
    "percentChange": "0.00%",
    "Volume": "1",
    "OpenInterest": "3",
    "ImpliedVolatility": "241.06%"
  },
  {
    "Contract Name": "SNOW201218C00250000",
    "Last Trade Date": "2020-12-09T20:28",
    "Strike": "250.00",
    "Last Price": "121.00",
    "Bid": "99.70",
    "Ask": "106.60",
    "Change": "0.00",
    "percentChange": "0.00%",
    "Volume": "35",
    "OpenInterest": "144",
    "ImpliedVolatility": "211.13%"
  },
  {
    "Contract Name": "SNOW201218C00252500",
    "Last Trade Date": "2020-12-08T15:53",
    "Strike": "252.50",
    "Last Price": "101.04",
    "Bid": "96.90",
    "Ask": "105.10",
    "Change": "-23.56",
    "percentChange": "-18.91%",
    "Volume": "1",
    "OpenInterest": "5",
    "ImpliedVolatility": "224.07%"
  },
  {
    "Contract Name": "SNOW201218C00255000",
    "Last Trade Date": "2020-12-11T15:30",
    "Strike": "255.00",
    "Last Price": "107.40",
    "Bid": "96.20",
    "Ask": "101.60",
    "Change": "-5.40",
    "percentChange": "-4.79%",
    "Volume": "1",
    "OpenInterest": "77",
    "ImpliedVolatility": "201.49%"
  },
  {
    "Contract Name": "SNOW201218C00257500",
    "Last Trade Date": "2020-12-07T14:40",
    "Strike": "257.50",
    "Last Price": "119.30",
    "Bid": "92.60",
    "Ask": "100.50",
    "Change": "0.00",
    "percentChange": "0.00%",
    "Volume": "2",
    "OpenInterest": "1",
    "ImpliedVolatility": "110.74%"
  },
  {
    "Contract Name": "SNOW201218C00260000",
    "Last Trade Date": "2020-12-11T18:06",
    "Strike": "260.00",
    "Last Price": "91.96",
    "Bid": "90.50",
    "Ask": "96.80",
    "Change": "-33.84",
    "percentChange": "-26.90%",
    "Volume": "3",
    "OpenInterest": "306",
    "ImpliedVolatility": "195.56%"
  },
  {
    "Contract Name": "SNOW201218C00262500",
    "Last Trade Date": "2020-12-02T20:25",
    "Strike": "262.50",
    "Last Price": "39.90",
    "Bid": "87.30",
    "Ask": "95.80",
    "Change": "0.00",
    "percentChange": "0.00%",
    "Volume": "5",
    "OpenInterest": "3",
    "ImpliedVolatility": "104.69%"
  },
  {
    "Contract Name": "SNOW201218C00265000",
    "Last Trade Date": "2020-12-11T16:20",
    "Strike": "265.00",
    "Last Price": "89.80",
    "Bid": "85.60",
    "Ask": "92.60",
    "Change": "-16.40",
    "percentChange": "-15.44%",
    "Volume": "1",
    "OpenInterest": "100",
    "ImpliedVolatility": "107.42%"
  },
  {
    "Contract Name": "SNOW201218C00267500",
    "Last Trade Date": "2020-12-10T15:34",
    "Strike": "267.50",
    "Last Price": "117.80",
    "Bid": "83.00",
    "Ask": "89.90",
    "Change": "0.00",
    "percentChange": "0.00%",
    "Volume": "2",
    "OpenInterest": "36",
    "ImpliedVolatility": "190.92%"
  },
  {
    "Contract Name": "SNOW201218C00270000",
    "Last Trade Date": "2020-12-11T20:57",
    "Strike": "270.00",
    "Last Price": "86.37",
    "Bid": "81.80",
    "Ask": "87.30",
    "Change": "-23.03",
    "percentChange": "-21.05%",
    "Volume": "9",
    "OpenInterest": "595",
    "ImpliedVolatility": "125.88%"
  },
  {
    "Contract Name": "SNOW201218C00272500",
    "Last Trade Date": "2020-12-04T15:21",
    "Strike": "272.50",
    "Last Price": "133.30",
    "Bid": "77.80",
    "Ask": "86.30",
    "Change": "0.00",
    "percentChange": "0.00%",
    "Volume": "1",
    "OpenInterest": "4",
    "ImpliedVolatility": "122.27%"
  },
  {
    "Contract Name": "SNOW201218C00275000",
    "Last Trade Date": "2020-12-11T17:29",
    "Strike": "275.00",
    "Last Price": "79.40",
    "Bid": "77.30",
    "Ask": "82.70",
    "Change": "-21.50",
    "percentChange": "-21.31%",
    "Volume": "7",
    "OpenInterest": "254",
    "ImpliedVolatility": "132.23%"
  },
  {
    "Contract Name": "SNOW201218C00277500",
    "Last Trade Date": "2020-12-11T18:52",
    "Strike": "277.50",
    "Last Price": "80.00",
    "Bid": "73.60",
    "Ask": "80.70",
    "Change": "-24.60",
    "percentChange": "-23.52%",
    "Volume": "1",
    "OpenInterest": "27",
    "ImpliedVolatility": "118.36%"
  },
  {
    "Contract Name": "SNOW201218C00280000",
    "Last Trade Date": "2020-12-11T18:08",
    "Strike": "280.00",
    "Last Price": "79.90",
    "Bid": "72.70",
    "Ask": "77.70",
    "Change": "-21.10",
    "percentChange": "-20.89%",
    "Volume": "5",
    "OpenInterest": "246",
    "ImpliedVolatility": "129.15%"
  },
  {
    "Contract Name": "SNOW201218C00282500",
    "Last Trade Date": "2020-12-10T17:30",
    "Strike": "282.50",
    "Last Price": "97.00",
    "Bid": "70.30",
    "Ask": "76.00",
    "Change": "0.00",
    "percentChange": "0.00%",
    "Volume": "7",
    "OpenInterest": "16",
    "ImpliedVolatility": "134.40%"
  },
  {
    "Contract Name": "SNOW201218C00285000",
    "Last Trade Date": "2020-12-11T15:38",
    "Strike": "285.00",
    "Last Price": "74.00",
    "Bid": "66.80",
    "Ask": "72.90",
    "Change": "-17.45",
    "percentChange": "-19.08%",
    "Volume": "1",
    "OpenInterest": "64",
    "ImpliedVolatility": "112.99%"
  },
  {
    "Contract Name": "SNOW201218C00287500",
    "Last Trade Date": "2020-12-11T15:27",
    "Strike": "287.50",
    "Last Price": "73.20",
    "Bid": "65.00",
    "Ask": "70.50",
    "Change": "26.90",
    "percentChange": "58.10%",
    "Volume": "1",
    "OpenInterest": "6",
    "ImpliedVolatility": "118.36%"
  },
  {
    "Contract Name": "SNOW201218C00290000",
    "Last Trade Date": "2020-12-11T19:50",
    "Strike": "290.00",
    "Last Price": "70.60",
    "Bid": "64.00",
    "Ask": "68.00",
    "Change": "-20.25",
    "percentChange": "-22.29%",
    "Volume": "68",
    "OpenInterest": "125",
    "ImpliedVolatility": "127.93%"
  },
  {
    "Contract Name": "SNOW201218C00292500",
    "Last Trade Date": "2020-12-08T14:54",
    "Strike": "292.50",
    "Last Price": "120.00",
    "Bid": "60.80",
    "Ask": "66.00",
    "Change": "0.00",
    "percentChange": "0.00%",
    "Volume": "7",
    "OpenInterest": "47",
    "ImpliedVolatility": "122.07%"
  },
  {
    "Contract Name": "SNOW201218C00295000",
    "Last Trade Date": "2020-12-11T19:42",
    "Strike": "295.00",
    "Last Price": "66.00",
    "Bid": "59.40",
    "Ask": "64.80",
    "Change": "-29.30",
    "percentChange": "-30.75%",
    "Volume": "14",
    "OpenInterest": "98",
    "ImpliedVolatility": "134.94%"
  },
  {
    "Contract Name": "SNOW201218C00300000",
    "Last Trade Date": "2020-12-11T20:36",
    "Strike": "300.00",
    "Last Price": "61.50",
    "Bid": "55.30",
    "Ask": "60.00",
    "Change": "-16.90",
    "percentChange": "-21.56%",
    "Volume": "47",
    "OpenInterest": "678",
    "ImpliedVolatility": "132.42%"
  },
  {
    "Contract Name": "SNOW201218C00305000",
    "Last Trade Date": "2020-12-11T20:54",
    "Strike": "305.00",
    "Last Price": "55.30",
    "Bid": "51.00",
    "Ask": "55.50",
    "Change": "-25.70",
    "percentChange": "-31.73%",
    "Volume": "17",
    "OpenInterest": "115",
    "ImpliedVolatility": "129.57%"
  },
  {
    "Contract Name": "SNOW201218C00310000",
    "Last Trade Date": "2020-12-10T20:54",
    "Strike": "310.00",
    "Last Price": "51.20",
    "Bid": "46.60",
    "Ask": "50.90",
    "Change": "-16.40",
    "percentChange": "-24.26%",
    "Volume": "2",
    "OpenInterest": "114",
    "ImpliedVolatility": "124.88%"
  },
  {
    "Contract Name": "SNOW201218C00315000",
    "Last Trade Date": "2020-12-10T20:54",
    "Strike": "315.00",
    "Last Price": "63.45",
    "Bid": "42.80",
    "Ask": "46.70",
    "Change": "0.00",
    "percentChange": "0.00%",
    "Volume": "6",
    "OpenInterest": "93",
    "ImpliedVolatility": "124.07%"
  },
  {
    "Contract Name": "SNOW201218C00320000",
    "Last Trade Date": "2020-12-11T17:57",
    "Strike": "320.00",
    "Last Price": "38.85",
    "Bid": "39.20",
    "Ask": "43.70",
    "Change": "-24.45",
    "percentChange": "-38.63%",
    "Volume": "18",
    "OpenInterest": "285",
    "ImpliedVolatility": "127.72%"
  },
  {
    "Contract Name": "SNOW201218C00325000",
    "Last Trade Date": "2020-12-11T20:49",
    "Strike": "325.00",
    "Last Price": "40.54",
    "Bid": "35.50",
    "Ask": "39.60",
    "Change": "-16.36",
    "percentChange": "-28.75%",
    "Volume": "32",
    "OpenInterest": "774",
    "ImpliedVolatility": "125.04%"
  },
  {
    "Contract Name": "SNOW201218C00330000",
    "Last Trade Date": "2020-12-11T20:47",
    "Strike": "330.00",
    "Last Price": "37.12",
    "Bid": "32.20",
    "Ask": "35.90",
    "Change": "-18.08",
    "percentChange": "-32.75%",
    "Volume": "42",
    "OpenInterest": "167",
    "ImpliedVolatility": "124.21%"
  },
  {
    "Contract Name": "SNOW201218C00335000",
    "Last Trade Date": "2020-12-11T19:06",
    "Strike": "335.00",
    "Last Price": "34.10",
    "Bid": "29.10",
    "Ask": "32.90",
    "Change": "-13.00",
    "percentChange": "-27.60%",
    "Volume": "48",
    "OpenInterest": "223",
    "ImpliedVolatility": "125.20%"
  },
  {
    "Contract Name": "SNOW201218C00340000",
    "Last Trade Date": "2020-12-11T20:47",
    "Strike": "340.00",
    "Last Price": "27.14",
    "Bid": "25.90",
    "Ask": "30.30",
    "Change": "-16.27",
    "percentChange": "-37.48%",
    "Volume": "598",
    "OpenInterest": "188",
    "ImpliedVolatility": "125.82%"
  },
  {
    "Contract Name": "SNOW201218C00345000",
    "Last Trade Date": "2020-12-11T20:22",
    "Strike": "345.00",
    "Last Price": "24.40",
    "Bid": "23.30",
    "Ask": "25.30",
    "Change": "-17.10",
    "percentChange": "-41.20%",
    "Volume": "54",
    "OpenInterest": "74",
    "ImpliedVolatility": "119.56%"
  },
  {
    "Contract Name": "SNOW201218C00350000",
    "Last Trade Date": "2020-12-11T20:59",
    "Strike": "350.00",
    "Last Price": "22.00",
    "Bid": "21.40",
    "Ask": "22.80",
    "Change": "-13.80",
    "percentChange": "-38.55%",
    "Volume": "371",
    "OpenInterest": "873",
    "ImpliedVolatility": "122.14%"
  },
  {
    "Contract Name": "SNOW201218C00355000",
    "Last Trade Date": "2020-12-11T20:58",
    "Strike": "355.00",
    "Last Price": "19.00",
    "Bid": "18.60",
    "Ask": "20.30",
    "Change": "-20.80",
    "percentChange": "-52.26%",
    "Volume": "556",
    "OpenInterest": "64",
    "ImpliedVolatility": "120.73%"
  },
  {
    "Contract Name": "SNOW201218C00360000",
    "Last Trade Date": "2020-12-11T20:59",
    "Strike": "360.00",
    "Last Price": "17.09",
    "Bid": "16.50",
    "Ask": "17.50",
    "Change": "-12.44",
    "percentChange": "-42.13%",
    "Volume": "704",
    "OpenInterest": "323",
    "ImpliedVolatility": "119.34%"
  },
  {
    "Contract Name": "SNOW201218C00365000",
    "Last Trade Date": "2020-12-11T20:59",
    "Strike": "365.00",
    "Last Price": "15.20",
    "Bid": "14.70",
    "Ask": "15.90",
    "Change": "-11.90",
    "percentChange": "-43.91%",
    "Volume": "292",
    "OpenInterest": "85",
    "ImpliedVolatility": "121.33%"
  },
  {
    "Contract Name": "SNOW201218C00370000",
    "Last Trade Date": "2020-12-11T20:59",
    "Strike": "370.00",
    "Last Price": "13.50",
    "Bid": "13.10",
    "Ask": "14.10",
    "Change": "-11.19",
    "percentChange": "-45.32%",
    "Volume": "555",
    "OpenInterest": "158",
    "ImpliedVolatility": "122.22%"
  },
  {
    "Contract Name": "SNOW201218C00375000",
    "Last Trade Date": "2020-12-11T20:53",
    "Strike": "375.00",
    "Last Price": "13.80",
    "Bid": "11.30",
    "Ask": "12.20",
    "Change": "-8.70",
    "percentChange": "-38.67%",
    "Volume": "224",
    "OpenInterest": "777",
    "ImpliedVolatility": "121.07%"
  },
  {
    "Contract Name": "SNOW201218C00380000",
    "Last Trade Date": "2020-12-11T20:58",
    "Strike": "380.00",
    "Last Price": "10.90",
    "Bid": "10.10",
    "Ask": "11.20",
    "Change": "-9.10",
    "percentChange": "-45.50%",
    "Volume": "420",
    "OpenInterest": "397",
    "ImpliedVolatility": "123.71%"
  },
  {
    "Contract Name": "SNOW201218C00385000",
    "Last Trade Date": "2020-12-11T20:44",
    "Strike": "385.00",
    "Last Price": "9.30",
    "Bid": "8.50",
    "Ask": "9.80",
    "Change": "-9.70",
    "percentChange": "-51.05%",
    "Volume": "419",
    "OpenInterest": "257",
    "ImpliedVolatility": "122.73%"
  },
  {
    "Contract Name": "SNOW201218C00390000",
    "Last Trade Date": "2020-12-11T20:57",
    "Strike": "390.00",
    "Last Price": "8.20",
    "Bid": "7.90",
    "Ask": "8.70",
    "Change": "-8.10",
    "percentChange": "-49.69%",
    "Volume": "789",
    "OpenInterest": "727",
    "ImpliedVolatility": "125.32%"
  },
  {
    "Contract Name": "SNOW201218C00395000",
    "Last Trade Date": "2020-12-11T20:59",
    "Strike": "395.00",
    "Last Price": "6.85",
    "Bid": "6.60",
    "Ask": "8.00",
    "Change": "-9.34",
    "percentChange": "-57.69%",
    "Volume": "212",
    "OpenInterest": "258",
    "ImpliedVolatility": "126.01%"
  },
  {
    "Contract Name": "SNOW201218C00400000",
    "Last Trade Date": "2020-12-11T20:59",
    "Strike": "400.00",
    "Last Price": "6.20",
    "Bid": "6.20",
    "Ask": "6.60",
    "Change": "-7.10",
    "percentChange": "-53.38%",
    "Volume": "3,303",
    "OpenInterest": "1,401",
    "ImpliedVolatility": "126.61%"
  },
  {
    "Contract Name": "SNOW201218C00405000",
    "Last Trade Date": "2020-12-11T20:54",
    "Strike": "405.00",
    "Last Price": "6.28",
    "Bid": "4.90",
    "Ask": "5.80",
    "Change": "-6.41",
    "percentChange": "-50.51%",
    "Volume": "282",
    "OpenInterest": "257",
    "ImpliedVolatility": "125.02%"
  },
  {
    "Contract Name": "SNOW201218C00410000",
    "Last Trade Date": "2020-12-11T20:57",
    "Strike": "410.00",
    "Last Price": "5.10",
    "Bid": "4.50",
    "Ask": "5.30",
    "Change": "-5.91",
    "percentChange": "-53.68%",
    "Volume": "220",
    "OpenInterest": "379",
    "ImpliedVolatility": "127.81%"
  },
  {
    "Contract Name": "SNOW201218C00415000",
    "Last Trade Date": "2020-12-11T20:59",
    "Strike": "415.00",
    "Last Price": "4.02",
    "Bid": "3.80",
    "Ask": "4.30",
    "Change": "-5.38",
    "percentChange": "-57.23%",
    "Volume": "167",
    "OpenInterest": "219",
    "ImpliedVolatility": "126.14%"
  },
  {
    "Contract Name": "SNOW201218C00420000",
    "Last Trade Date": "2020-12-11T20:59",
    "Strike": "420.00",
    "Last Price": "3.60",
    "Bid": "3.10",
    "Ask": "3.70",
    "Change": "-4.60",
    "percentChange": "-56.10%",
    "Volume": "431",
    "OpenInterest": "1,538",
    "ImpliedVolatility": "125.42%"
  },
  {
    "Contract Name": "SNOW201218C00425000",
    "Last Trade Date": "2020-12-11T20:57",
    "Strike": "425.00",
    "Last Price": "3.13",
    "Bid": "2.75",
    "Ask": "3.50",
    "Change": "-3.97",
    "percentChange": "-55.92%",
    "Volume": "247",
    "OpenInterest": "292",
    "ImpliedVolatility": "128.10%"
  },
  {
    "Contract Name": "SNOW201218C00430000",
    "Last Trade Date": "2020-12-11T20:57",
    "Strike": "430.00",
    "Last Price": "2.50",
    "Bid": "2.30",
    "Ask": "3.10",
    "Change": "-4.80",
    "percentChange": "-65.75%",
    "Volume": "223",
    "OpenInterest": "259",
    "ImpliedVolatility": "128.49%"
  },
  {
    "Contract Name": "SNOW201218C00435000",
    "Last Trade Date": "2020-12-11T20:38",
    "Strike": "435.00",
    "Last Price": "2.25",
    "Bid": "1.95",
    "Ask": "2.50",
    "Change": "-3.45",
    "percentChange": "-60.53%",
    "Volume": "199",
    "OpenInterest": "180",
    "ImpliedVolatility": "127.39%"
  },
  {
    "Contract Name": "SNOW201218C00440000",
    "Last Trade Date": "2020-12-11T20:59",
    "Strike": "440.00",
    "Last Price": "2.00",
    "Bid": "1.65",
    "Ask": "2.25",
    "Change": "-2.90",
    "percentChange": "-59.18%",
    "Volume": "101",
    "OpenInterest": "434",
    "ImpliedVolatility": "128.37%"
  },
  {
    "Contract Name": "SNOW201218C00445000",
    "Last Trade Date": "2020-12-11T20:42",
    "Strike": "445.00",
    "Last Price": "1.94",
    "Bid": "1.50",
    "Ask": "1.90",
    "Change": "-2.36",
    "percentChange": "-54.88%",
    "Volume": "114",
    "OpenInterest": "116",
    "ImpliedVolatility": "129.18%"
  },
  {
    "Contract Name": "SNOW201218C00450000",
    "Last Trade Date": "2020-12-11T20:58",
    "Strike": "450.00",
    "Last Price": "1.35",
    "Bid": "1.40",
    "Ask": "1.60",
    "Change": "-2.45",
    "percentChange": "-64.47%",
    "Volume": "573",
    "OpenInterest": "686",
    "ImpliedVolatility": "130.30%"
  },
  {
    "Contract Name": "SNOW201218C00455000",
    "Last Trade Date": "2020-12-11T20:50",
    "Strike": "455.00",
    "Last Price": "1.35",
    "Bid": "1.00",
    "Ask": "1.40",
    "Change": "-2.20",
    "percentChange": "-61.97%",
    "Volume": "74",
    "OpenInterest": "164",
    "ImpliedVolatility": "128.81%"
  },
  {
    "Contract Name": "SNOW201218C00460000",
    "Last Trade Date": "2020-12-11T20:50",
    "Strike": "460.00",
    "Last Price": "1.00",
    "Bid": "0.85",
    "Ask": "1.15",
    "Change": "-2.10",
    "percentChange": "-67.74%",
    "Volume": "90",
    "OpenInterest": "167",
    "ImpliedVolatility": "128.56%"
  },
  {
    "Contract Name": "SNOW201218C00465000",
    "Last Trade Date": "2020-12-11T20:46",
    "Strike": "465.00",
    "Last Price": "1.07",
    "Bid": "0.85",
    "Ask": "1.20",
    "Change": "-1.93",
    "percentChange": "-64.33%",
    "Volume": "62",
    "OpenInterest": "109",
    "ImpliedVolatility": "133.30%"
  },
  {
    "Contract Name": "SNOW201218C00470000",
    "Last Trade Date": "2020-12-11T20:52",
    "Strike": "470.00",
    "Last Price": "0.90",
    "Bid": "0.50",
    "Ask": "1.10",
    "Change": "-1.30",
    "percentChange": "-59.09%",
    "Volume": "80",
    "OpenInterest": "884",
    "ImpliedVolatility": "131.40%"
  },
  {
    "Contract Name": "SNOW201218C00475000",
    "Last Trade Date": "2020-12-11T20:43",
    "Strike": "475.00",
    "Last Price": "0.71",
    "Bid": "0.45",
    "Ask": "0.95",
    "Change": "-1.29",
    "percentChange": "-64.50%",
    "Volume": "30",
    "OpenInterest": "245",
    "ImpliedVolatility": "132.28%"
  },
  {
    "Contract Name": "SNOW201218C00480000",
    "Last Trade Date": "2020-12-11T20:13",
    "Strike": "480.00",
    "Last Price": "0.74",
    "Bid": "0.50",
    "Ask": "0.80",
    "Change": "-0.96",
    "percentChange": "-56.47%",
    "Volume": "89",
    "OpenInterest": "312",
    "ImpliedVolatility": "134.38%"
  },
  {
    "Contract Name": "SNOW201218C00485000",
    "Last Trade Date": "2020-12-11T20:56",
    "Strike": "485.00",
    "Last Price": "0.55",
    "Bid": "0.20",
    "Ask": "0.70",
    "Change": "-1.01",
    "percentChange": "-64.74%",
    "Volume": "28",
    "OpenInterest": "107",
    "ImpliedVolatility": "130.37%"
  },
  {
    "Contract Name": "SNOW201218C00490000",
    "Last Trade Date": "2020-12-11T20:35",
    "Strike": "490.00",
    "Last Price": "0.45",
    "Bid": "0.40",
    "Ask": "1.00",
    "Change": "-1.05",
    "percentChange": "-70.00%",
    "Volume": "41",
    "OpenInterest": "283",
    "ImpliedVolatility": "143.46%"
  },
  {
    "Contract Name": "SNOW201218C00495000",
    "Last Trade Date": "2020-12-11T18:55",
    "Strike": "495.00",
    "Last Price": "0.35",
    "Bid": "0.10",
    "Ask": "0.85",
    "Change": "-0.60",
    "percentChange": "-63.16%",
    "Volume": "11",
    "OpenInterest": "45",
    "ImpliedVolatility": "138.38%"
  },
  {
    "Contract Name": "SNOW201218C00500000",
    "Last Trade Date": "2020-12-11T20:59",
    "Strike": "500.00",
    "Last Price": "0.30",
    "Bid": "0.30",
    "Ask": "0.35",
    "Change": "-0.62",
    "percentChange": "-67.39%",
    "Volume": "777",
    "OpenInterest": "804",
    "ImpliedVolatility": "134.38%"
  },
  {
    "Contract Name": "SNOW201218C00505000",
    "Last Trade Date": "2020-12-11T20:10",
    "Strike": "505.00",
    "Last Price": "0.30",
    "Bid": "0.05",
    "Ask": "0.50",
    "Change": "-1.00",
    "percentChange": "-76.92%",
    "Volume": "16",
    "OpenInterest": "24",
    "ImpliedVolatility": "134.47%"
  },
  {
    "Contract Name": "SNOW201218C00510000",
    "Last Trade Date": "2020-12-11T20:05",
    "Strike": "510.00",
    "Last Price": "0.25",
    "Bid": "0.05",
    "Ask": "0.40",
    "Change": "-0.60",
    "percentChange": "-70.59%",
    "Volume": "102",
    "OpenInterest": "326",
    "ImpliedVolatility": "134.08%"
  },
  {
    "Contract Name": "SNOW201218C00515000",
    "Last Trade Date": "2020-12-11T18:04",
    "Strike": "515.00",
    "Last Price": "0.25",
    "Bid": "0.15",
    "Ask": "1.05",
    "Change": "-0.57",
    "percentChange": "-69.51%",
    "Volume": "7",
    "OpenInterest": "46",
    "ImpliedVolatility": "157.23%"
  },
  {
    "Contract Name": "SNOW201218C00520000",
    "Last Trade Date": "2020-12-10T18:49",
    "Strike": "520.00",
    "Last Price": "0.85",
    "Bid": "0.15",
    "Ask": "1.90",
    "Change": "0.00",
    "percentChange": "0.00%",
    "Volume": "62",
    "OpenInterest": "58",
    "ImpliedVolatility": "175.00%"
  },
  {
    "Contract Name": "SNOW201218C00525000",
    "Last Trade Date": "2020-12-11T18:48",
    "Strike": "525.00",
    "Last Price": "0.18",
    "Bid": "0.05",
    "Ask": "0.50",
    "Change": "-0.42",
    "percentChange": "-70.00%",
    "Volume": "58",
    "OpenInterest": "300",
    "ImpliedVolatility": "146.88%"
  },
  {
    "Contract Name": "SNOW201218C00530000",
    "Last Trade Date": "2020-12-11T20:03",
    "Strike": "530.00",
    "Last Price": "0.15",
    "Bid": "0.00",
    "Ask": "0.75",
    "Change": "-0.42",
    "percentChange": "-73.68%",
    "Volume": "10",
    "OpenInterest": "83",
    "ImpliedVolatility": "156.05%"
  },
  {
    "Contract Name": "SNOW201218C00535000",
    "Last Trade Date": "2020-12-11T20:36",
    "Strike": "535.00",
    "Last Price": "0.16",
    "Bid": "0.00",
    "Ask": "2.50",
    "Change": "-0.39",
    "percentChange": "-70.91%",
    "Volume": "11",
    "OpenInterest": "330",
    "ImpliedVolatility": "191.70%"
  },
  {
    "Contract Name": "SNOW201218C00540000",
    "Last Trade Date": "2020-12-11T20:45",
    "Strike": "540.00",
    "Last Price": "0.15",
    "Bid": "0.05",
    "Ask": "0.65",
    "Change": "-0.65",
    "percentChange": "-81.25%",
    "Volume": "3",
    "OpenInterest": "64",
    "ImpliedVolatility": "160.64%"
  },
  {
    "Contract Name": "SNOW201218C00545000",
    "Last Trade Date": "2020-12-10T17:42",
    "Strike": "545.00",
    "Last Price": "0.60",
    "Bid": "0.00",
    "Ask": "1.10",
    "Change": "0.00",
    "percentChange": "0.00%",
    "Volume": "5",
    "OpenInterest": "14",
    "ImpliedVolatility": "174.22%"
  },
  {
    "Contract Name": "SNOW201218C00550000",
    "Last Trade Date": "2020-12-11T20:44",
    "Strike": "550.00",
    "Last Price": "0.15",
    "Bid": "0.10",
    "Ask": "0.15",
    "Change": "-0.15",
    "percentChange": "-50.00%",
    "Volume": "151",
    "OpenInterest": "708",
    "ImpliedVolatility": "146.88%"
  },
  {
    "Contract Name": "SNOW201218C00555000",
    "Last Trade Date": "2020-12-10T17:56",
    "Strike": "555.00",
    "Last Price": "0.30",
    "Bid": "0.05",
    "Ask": "1.45",
    "Change": "0.00",
    "percentChange": "0.00%",
    "Volume": "12",
    "OpenInterest": "17",
    "ImpliedVolatility": "188.72%"
  },
  {
    "Contract Name": "SNOW201218C00560000",
    "Last Trade Date": "2020-12-11T20:43",
    "Strike": "560.00",
    "Last Price": "0.13",
    "Bid": "0.05",
    "Ask": "0.20",
    "Change": "-0.56",
    "percentChange": "-81.16%",
    "Volume": "3",
    "OpenInterest": "36",
    "ImpliedVolatility": "152.15%"
  },
  {
    "Contract Name": "SNOW201218C00565000",
    "Last Trade Date": "2020-12-08T19:16",
    "Strike": "565.00",
    "Last Price": "2.00",
    "Bid": "0.00",
    "Ask": "1.45",
    "Change": "0.00",
    "percentChange": "0.00%",
    "Volume": "4",
    "OpenInterest": "3",
    "ImpliedVolatility": "193.75%"
  },
  {
    "Contract Name": "SNOW201218C00570000",
    "Last Trade Date": "2020-12-11T20:26",
    "Strike": "570.00",
    "Last Price": "0.05",
    "Bid": "0.05",
    "Ask": "0.20",
    "Change": "-0.20",
    "percentChange": "-80.00%",
    "Volume": "17",
    "OpenInterest": "84",
    "ImpliedVolatility": "157.23%"
  },
  {
    "Contract Name": "SNOW201218C00575000",
    "Last Trade Date": "2020-12-10T16:28",
    "Strike": "575.00",
    "Last Price": "0.40",
    "Bid": "0.00",
    "Ask": "1.50",
    "Change": "0.00",
    "percentChange": "0.00%",
    "Volume": "1",
    "OpenInterest": "9",
    "ImpliedVolatility": "200.68%"
  },
  {
    "Contract Name": "SNOW201218C00580000",
    "Last Trade Date": "2020-12-10T20:40",
    "Strike": "580.00",
    "Last Price": "0.15",
    "Bid": "0.00",
    "Ask": "1.70",
    "Change": "0.00",
    "percentChange": "0.00%",
    "Volume": "26",
    "OpenInterest": "45",
    "ImpliedVolatility": "207.52%"
  },
  {
    "Contract Name": "SNOW201218C00585000",
    "Last Trade Date": "2020-12-11T14:37",
    "Strike": "585.00",
    "Last Price": "0.05",
    "Bid": "0.00",
    "Ask": "2.40",
    "Change": "0.00",
    "percentChange": "0.00%",
    "Volume": "5",
    "OpenInterest": "31",
    "ImpliedVolatility": "222.31%"
  },
  {
    "Contract Name": "SNOW201218C00590000",
    "Last Trade Date": "2020-12-08T18:53",
    "Strike": "590.00",
    "Last Price": "1.45",
    "Bid": "0.00",
    "Ask": "1.15",
    "Change": "0.00",
    "percentChange": "0.00%",
    "Volume": "32",
    "OpenInterest": "40",
    "ImpliedVolatility": "201.47%"
  },
  {
    "Contract Name": "SNOW201218C00595000",
    "Last Trade Date": "2020-12-10T18:19",
    "Strike": "595.00",
    "Last Price": "0.10",
    "Bid": "0.00",
    "Ask": "1.50",
    "Change": "0.00",
    "percentChange": "0.00%",
    "Volume": "1",
    "OpenInterest": "61",
    "ImpliedVolatility": "212.21%"
  },
  {
    "Contract Name": "SNOW201218C00600000",
    "Last Trade Date": "2020-12-11T20:24",
    "Strike": "600.00",
    "Last Price": "0.05",
    "Bid": "0.05",
    "Ask": "0.10",
    "Change": "0.00",
    "percentChange": "0.00%",
    "Volume": "87",
    "OpenInterest": "608",
    "ImpliedVolatility": "163.28%"
  }
]