[
  {
    "Contract Name": "SNOW201218P00120000",
    "Last Trade Date": "2020-12-09T18:27",
    "Strike": "120.00",
    "Last Price": "0.04",
    "Bid": "0.00",
    "Ask": "0.05",
    "Change": "0.00",
    "percentChange": "0.00%",
    "Volume": "1",
    "OpenInterest": "40",
    "ImpliedVolatility": "304.69%"
  },
  {
    "Contract Name": "SNOW201218P00125000",
    "Last Trade Date": "2020-12-08T14:42",
    "Strike": "125.00",
    "Last Price": "0.05",
    "Bid": "0.00",
    "Ask": "0.05",
    "Change": "0.00",
    "percentChange": "0.00%",
    "Volume": "2",
    "OpenInterest": "67",
    "ImpliedVolatility": "293.75%"
  },
  {
    "Contract Name": "SNOW201218P00130000",
    "Last Trade Date": "2020-12-10T18:31",
    "Strike": "130.00",
    "Last Price": "0.05",
    "Bid": "0.00",
    "Ask": "0.10",
    "Change": "0.00",
    "percentChange": "0.00%",
    "Volume": "9",
    "OpenInterest": "64",
    "ImpliedVolatility": "301.56%"
  },
  {
    "Contract Name": "SNOW201218P00135000",
    "Last Trade Date": "2020-12-09T19:56",
    "Strike": "135.00",
    "Last Price": "0.05",
    "Bid": "0.00",
    "Ask": "0.10",
    "Change": "0.00",
    "percentChange": "0.00%",
    "Volume": "209",
    "OpenInterest": "30",
    "ImpliedVolatility": "290.63%"
  },
  {
    "Contract Name": "SNOW201218P00140000",
    "Last Trade Date": "2020-12-08T19:03",
    "Strike": "140.00",
    "Last Price": "0.04",
    "Bid": "0.00",
    "Ask": "0.00",
    "Change": "0.00",
    "percentChange": "0.00%",
    "Volume": "134",
    "OpenInterest": "86",
    "ImpliedVolatility": "50.00%"
  },
  {
    "Contract Name": "SNOW201218P00145000",
    "Last Trade Date": "2020-12-10T18:16",
    "Strike": "145.00",
    "Last Price": "0.11",
    "Bid": "0.00",
    "Ask": "0.05",
    "Change": "0.00",
    "percentChange": "0.00%",
    "Volume": "25",
    "OpenInterest": "120",
    "ImpliedVolatility": "253.13%"
  },
  {
    "Contract Name": "SNOW201218P00150000",
    "Last Trade Date": "2020-12-11T18:01",
    "Strike": "150.00",
    "Last Price": "0.10",
    "Bid": "0.00",
    "Ask": "0.10",
    "Change": "0.05",
    "percentChange": "100.00%",
    "Volume": "202",
    "OpenInterest": "79",
    "ImpliedVolatility": "260.16%"
  },
  {
    "Contract Name": "SNOW201218P00155000",
    "Last Trade Date": "2020-12-09T19:58",
    "Strike": "155.00",
    "Last Price": "0.09",
    "Bid": "0.00",
    "Ask": "1.05",
    "Change": "0.00",
    "percentChange": "0.00%",
    "Volume": "3",
    "OpenInterest": "87",
    "ImpliedVolatility": "330.57%"
  },
  {
    "Contract Name": "SNOW201218P00160000",
    "Last Trade Date": "2020-12-10T17:26",
    "Strike": "160.00",
    "Last Price": "0.05",
    "Bid": "0.00",
    "Ask": "0.45",
    "Change": "0.00",
    "percentChange": "0.00%",
    "Volume": "5",
    "OpenInterest": "95",
    "ImpliedVolatility": "284.77%"
  },
  {
    "Contract Name": "SNOW201218P00165000",
    "Last Trade Date": "2020-12-11T18:21",
    "Strike": "165.00",
    "Last Price": "0.05",
    "Bid": "0.00",
    "Ask": "0.05",
    "Change": "-0.10",
    "percentChange": "-66.67%",
    "Volume": "94",
    "OpenInterest": "12",
    "ImpliedVolatility": "218.75%"
  },
  {
    "Contract Name": "SNOW201218P00170000",
    "Last Trade Date": "2020-12-11T19:52",
    "Strike": "170.00",
    "Last Price": "0.05",
    "Bid": "0.00",
    "Ask": "0.05",
    "Change": "-0.13",
    "percentChange": "-72.22%",
    "Volume": "90",
    "OpenInterest": "215",
    "ImpliedVolatility": "210.94%"
  },
  {
    "Contract Name": "SNOW201218P00175000",
    "Last Trade Date": "2020-12-10T14:30",
    "Strike": "175.00",
    "Last Price": "0.16",
    "Bid": "0.00",
    "Ask": "0.50",
    "Change": "0.01",
    "percentChange": "6.67%",
    "Volume": "3",
    "OpenInterest": "72",
    "ImpliedVolatility": "258.20%"
  },
  {
    "Contract Name": "SNOW201218P00180000",
    "Last Trade Date": "2020-12-11T18:07",
    "Strike": "180.00",
    "Last Price": "0.10",
    "Bid": "0.05",
    "Ask": "0.10",
    "Change": "0.05",
    "percentChange": "100.00%",
    "Volume": "10",
    "OpenInterest": "281",
    "ImpliedVolatility": "216.41%"
  },
  {
    "Contract Name": "SNOW201218P00185000",
    "Last Trade Date": "2020-12-09T16:40",
    "Strike": "185.00",
    "Last Price": "0.15",
    "Bid": "0.05",
    "Ask": "0.65",
    "Change": "0.09",
    "percentChange": "150.00%",
    "Volume": "2",
    "OpenInterest": "52",
    "ImpliedVolatility": "250.39%"
  },
  {
    "Contract Name": "SNOW201218P00190000",
    "Last Trade Date": "2020-12-11T16:26",
    "Strike": "190.00",
    "Last Price": "0.10",
    "Bid": "0.00",
    "Ask": "0.40",
    "Change": "-0.05",
    "percentChange": "-33.33%",
    "Volume": "4",
    "OpenInterest": "57",
    "ImpliedVolatility": "224.22%"
  },
  {
    "Contract Name": "SNOW201218P00195000",
    "Last Trade Date": "2020-12-09T20:38",
    "Strike": "195.00",
    "Last Price": "0.11",
    "Bid": "0.05",
    "Ask": "0.30",
    "Change": "0.00",
    "percentChange": "0.00%",
    "Volume": "10",
    "OpenInterest": "77",
    "ImpliedVolatility": "212.11%"
  },
  {
    "Contract Name": "SNOW201218P00200000",
    "Last Trade Date": "2020-12-11T20:57",
    "Strike": "200.00",
    "Last Price": "0.15",
    "Bid": "0.05",
    "Ask": "0.15",
    "Change": "0.00",
    "percentChange": "0.00%",
    "Volume": "57",
    "OpenInterest": "2,417",
    "ImpliedVolatility": "191.02%"
  },
  {
    "Contract Name": "SNOW201218P00205000",
    "Last Trade Date": "2020-12-11T20:48",
    "Strike": "205.00",
    "Last Price": "0.19",
    "Bid": "0.05",
    "Ask": "0.20",
    "Change": "0.10",
    "percentChange": "111.11%",
    "Volume": "14",
    "OpenInterest": "99",
    "ImpliedVolatility": "187.89%"
  },
  {
    "Contract Name": "SNOW201218P00210000",
    "Last Trade Date": "2020-12-11T17:32",
    "Strike": "210.00",
    "Last Price": "0.18",
    "Bid": "0.10",
    "Ask": "0.40",
    "Change": "-0.06",
    "percentChange": "-25.00%",
    "Volume": "111",
    "OpenInterest": "191",
    "ImpliedVolatility": "196.48%"
  },
  {
    "Contract Name": "SNOW201218P00215000",
    "Last Trade Date": "2020-12-09T19:58",
    "Strike": "215.00",
    "Last Price": "0.27",
    "Bid": "0.05",
    "Ask": "0.50",
    "Change": "0.00",
    "percentChange": "0.00%",
    "Volume": "1",
    "OpenInterest": "45",
    "ImpliedVolatility": "191.02%"
  },
  {
    "Contract Name": "SNOW201218P00220000",
    "Last Trade Date": "2020-12-11T20:45",
    "Strike": "220.00",
    "Last Price": "0.20",
    "Bid": "0.15",
    "Ask": "0.40",
    "Change": "0.02",
    "percentChange": "11.11%",
    "Volume": "52",
    "OpenInterest": "305",
    "ImpliedVolatility": "183.01%"
  },
  {
    "Contract Name": "SNOW201218P00225000",
    "Last Trade Date": "2020-12-11T20:54",
    "Strike": "225.00",
    "Last Price": "0.22",
    "Bid": "0.05",
    "Ask": "0.25",
    "Change": "-0.03",
    "percentChange": "-12.00%",
    "Volume": "82",
    "OpenInterest": "156",
    "ImpliedVolatility": "162.11%"
  },
  {
    "Contract Name": "SNOW201218P00230000",
    "Last Trade Date": "2020-12-11T20:58",
    "Strike": "230.00",
    "Last Price": "0.28",
    "Bid": "0.25",
    "Ask": "0.30",
    "Change": "-0.02",
    "percentChange": "-6.67%",
    "Volume": "126",
    "OpenInterest": "384",
    "ImpliedVolatility": "167.68%"
  },
  {
    "Contract Name": "SNOW201218P00235000",
    "Last Trade Date": "2020-12-11T20:42",
    "Strike": "235.00",
    "Last Price": "0.26",
    "Bid": "0.05",
    "Ask": "0.40",
    "Change": "-0.04",
    "percentChange": "-13.33%",
    "Volume": "25",
    "OpenInterest": "330",
    "ImpliedVolatility": "155.86%"
  },
  {
    "Contract Name": "SNOW201218P00240000",
    "Last Trade Date": "2020-12-11T19:43",
    "Strike": "240.00",
    "Last Price": "0.30",
    "Bid": "0.25",
    "Ask": "0.40",
    "Change": "0.03",
    "percentChange": "11.11%",
    "Volume": "67",
    "OpenInterest": "389",
    "ImpliedVolatility": "156.54%"
  },
  {
    "Contract Name": "SNOW201218P00245000",
    "Last Trade Date": "2020-12-10T16:23",
    "Strike": "245.00",
    "Last Price": "0.40",
    "Bid": "0.00",
    "Ask": "0.60",
    "Change": "0.05",
    "percentChange": "14.29%",
    "Volume": "1",
    "OpenInterest": "112",
    "ImpliedVolatility": "147.46%"
  },
  {
    "Contract Name": "SNOW201218P00247500",
    "Last Trade Date": "2020-12-09T17:17",
    "Strike": "247.50",
    "Last Price": "0.67",
    "Bid": "0.25",
    "Ask": "0.55",
    "Change": "0.00",
    "percentChange": "0.00%",
    "Volume": "4",
    "OpenInterest": "35",
    "ImpliedVolatility": "150.20%"
  },
  {
    "Contract Name": "SNOW201218P00250000",
    "Last Trade Date": "2020-12-11T20:58",
    "Strike": "250.00",
    "Last Price": "0.50",
    "Bid": "0.25",
    "Ask": "0.55",
    "Change": "0.10",
    "percentChange": "25.00%",
    "Volume": "132",
    "OpenInterest": "517",
    "ImpliedVolatility": "146.48%"
  },
  {
    "Contract Name": "SNOW201218P00252500",
    "Last Trade Date": "2020-12-11T20:42",
    "Strike": "252.50",
    "Last Price": "0.48",
    "Bid": "0.35",
    "Ask": "0.55",
    "Change": "0.03",
    "percentChange": "6.67%",
    "Volume": "18",
    "OpenInterest": "53",
    "ImpliedVolatility": "145.51%"
  },
  {
    "Contract Name": "SNOW201218P00255000",
    "Last Trade Date": "2020-12-11T15:23",
    "Strike": "255.00",
    "Last Price": "0.35",
    "Bid": "0.35",
    "Ask": "1.05",
    "Change": "-0.15",
    "percentChange": "-30.00%",
    "Volume": "15",
    "OpenInterest": "128",
    "ImpliedVolatility": "152.73%"
  },
  {
    "Contract Name": "SNOW201218P00257500",
    "Last Trade Date": "2020-12-10T14:42",
    "Strike": "257.50",
    "Last Price": "0.70",
    "Bid": "0.40",
    "Ask": "0.60",
    "Change": "0.05",
    "percentChange": "7.69%",
    "Volume": "2",
    "OpenInterest": "60",
    "ImpliedVolatility": "140.53%"
  },
  {
    "Contract Name": "SNOW201218P00260000",
    "Last Trade Date": "2020-12-11T20:51",
    "Strike": "260.00",
    "Last Price": "0.60",
    "Bid": "0.60",
    "Ask": "0.70",
    "Change": "0.00",
    "percentChange": "0.00%",
    "Volume": "39",
    "OpenInterest": "317",
    "ImpliedVolatility": "143.07%"
  },
  {
    "Contract Name": "SNOW201218P00262500",
    "Last Trade Date": "2020-12-11T20:42",
    "Strike": "262.50",
    "Last Price": "0.50",
    "Bid": "0.50",
    "Ask": "1.20",
    "Change": "-0.10",
    "percentChange": "-16.67%",
    "Volume": "8",
    "OpenInterest": "37",
    "ImpliedVolatility": "146.29%"
  },
  {
    "Contract Name": "SNOW201218P00265000",
    "Last Trade Date": "2020-12-11T19:47",
    "Strike": "265.00",
    "Last Price": "0.55",
    "Bid": "0.65",
    "Ask": "0.95",
    "Change": "-0.10",
    "percentChange": "-15.38%",
    "Volume": "22",
    "OpenInterest": "87",
    "ImpliedVolatility": "140.77%"
  },
  {
    "Contract Name": "SNOW201218P00267500",
    "Last Trade Date": "2020-12-11T19:44",
    "Strike": "267.50",
    "Last Price": "0.75",
    "Bid": "0.40",
    "Ask": "1.10",
    "Change": "-0.40",
    "percentChange": "-34.78%",
    "Volume": "23",
    "OpenInterest": "27",
    "ImpliedVolatility": "135.25%"
  },
  {
    "Contract Name": "SNOW201218P00270000",
    "Last Trade Date": "2020-12-11T20:54",
    "Strike": "270.00",
    "Last Price": "0.88",
    "Bid": "0.75",
    "Ask": "0.95",
    "Change": "0.03",
    "percentChange": "3.53%",
    "Volume": "144",
    "OpenInterest": "977",
    "ImpliedVolatility": "134.62%"
  },
  {
    "Contract Name": "SNOW201218P00272500",
    "Last Trade Date": "2020-12-11T20:45",
    "Strike": "272.50",
    "Last Price": "1.00",
    "Bid": "0.85",
    "Ask": "1.20",
    "Change": "0.15",
    "percentChange": "17.65%",
    "Volume": "14",
    "OpenInterest": "32",
    "ImpliedVolatility": "135.74%"
  },
  {
    "Contract Name": "SNOW201218P00275000",
    "Last Trade Date": "2020-12-11T20:59",
    "Strike": "275.00",
    "Last Price": "1.10",
    "Bid": "0.95",
    "Ask": "1.15",
    "Change": "0.20",
    "percentChange": "22.22%",
    "Volume": "303",
    "OpenInterest": "634",
    "ImpliedVolatility": "132.47%"
  },
  {
    "Contract Name": "SNOW201218P00277500",
    "Last Trade Date": "2020-12-11T19:50",
    "Strike": "277.50",
    "Last Price": "1.20",
    "Bid": "0.95",
    "Ask": "1.45",
    "Change": "-0.40",
    "percentChange": "-25.00%",
    "Volume": "16",
    "OpenInterest": "36",
    "ImpliedVolatility": "132.23%"
  },
  {
    "Contract Name": "SNOW201218P00280000",
    "Last Trade Date": "2020-12-11T20:55",
    "Strike": "280.00",
    "Last Price": "1.35",
    "Bid": "1.20",
    "Ask": "1.55",
    "Change": "0.15",
    "percentChange": "12.50%",
    "Volume": "216",
    "OpenInterest": "593",
    "ImpliedVolatility": "132.18%"
  },
  {
    "Contract Name": "SNOW201218P00282500",
    "Last Trade Date": "2020-12-11T20:56",
    "Strike": "282.50",
    "Last Price": "1.50",
    "Bid": "1.30",
    "Ask": "1.75",
    "Change": "0.15",
    "percentChange": "11.11%",
    "Volume": "52",
    "OpenInterest": "90",
    "ImpliedVolatility": "131.20%"
  },
  {
    "Contract Name": "SNOW201218P00285000",
    "Last Trade Date": "2020-12-11T20:48",
    "Strike": "285.00",
    "Last Price": "1.80",
    "Bid": "1.15",
    "Ask": "1.95",
    "Change": "0.45",
    "percentChange": "33.33%",
    "Volume": "145",
    "OpenInterest": "109",
    "ImpliedVolatility": "127.59%"
  },
  {
    "Contract Name": "SNOW201218P00287500",
    "Last Trade Date": "2020-12-11T20:54",
    "Strike": "287.50",
    "Last Price": "1.50",
    "Bid": "1.60",
    "Ask": "2.20",
    "Change": "0.10",
    "percentChange": "7.14%",
    "Volume": "90",
    "OpenInterest": "39",
    "ImpliedVolatility": "129.83%"
  },
  {
    "Contract Name": "SNOW201218P00290000",
    "Last Trade Date": "2020-12-11T20:54",
    "Strike": "290.00",
    "Last Price": "2.10",
    "Bid": "1.95",
    "Ask": "2.25",
    "Change": "0.46",
    "percentChange": "28.05%",
    "Volume": "275",
    "OpenInterest": "221",
    "ImpliedVolatility": "128.91%"
  },
  {
    "Contract Name": "SNOW201218P00292500",
    "Last Trade Date": "2020-12-11T20:59",
    "Strike": "292.50",
    "Last Price": "2.40",
    "Bid": "2.10",
    "Ask": "2.60",
    "Change": "0.65",
    "percentChange": "37.14%",
    "Volume": "90",
    "OpenInterest": "91",
    "ImpliedVolatility": "128.47%"
  },
  {
    "Contract Name": "SNOW201218P00295000",
    "Last Trade Date": "2020-12-11T20:59",
    "Strike": "295.00",
    "Last Price": "2.60",
    "Bid": "2.35",
    "Ask": "2.80",
    "Change": "0.66",
    "percentChange": "34.02%",
    "Volume": "296",
    "OpenInterest": "521",
    "ImpliedVolatility": "127.34%"
  },
  {
    "Contract Name": "SNOW201218P00300000",
    "Last Trade Date": "2020-12-11T20:59",
    "Strike": "300.00",
    "Last Price": "3.20",
    "Bid": "2.90",
    "Ask": "3.40",
    "Change": "0.75",
    "percentChange": "30.61%",
    "Volume": "1,678",
    "OpenInterest": "2,432",
    "ImpliedVolatility": "125.95%"
  },
  {
    "Contract Name": "SNOW201218P00305000",
    "Last Trade Date": "2020-12-11T20:57",
    "Strike": "305.00",
    "Last Price": "4.10",
    "Bid": "3.70",
    "Ask": "4.40",
    "Change": "1.24",
    "percentChange": "43.36%",
    "Volume": "295",
    "OpenInterest": "161",
    "ImpliedVolatility": "127.00%"
  },
  {
    "Contract Name": "SNOW201218P00310000",
    "Last Trade Date": "2020-12-11T20:55",
    "Strike": "310.00",
    "Last Price": "4.81",
    "Bid": "4.50",
    "Ask": "5.20",
    "Change": "1.35",
    "percentChange": "39.02%",
    "Volume": "392",
    "OpenInterest": "473",
    "ImpliedVolatility": "125.46%"
  },
  {
    "Contract Name": "SNOW201218P00315000",
    "Last Trade Date": "2020-12-11T20:57",
    "Strike": "315.00",
    "Last Price": "5.90",
    "Bid": "5.50",
    "Ask": "6.30",
    "Change": "1.70",
    "percentChange": "40.48%",
    "Volume": "462",
    "OpenInterest": "170",
    "ImpliedVolatility": "125.06%"
  },
  {
    "Contract Name": "SNOW201218P00320000",
    "Last Trade Date": "2020-12-11T20:58",
    "Strike": "320.00",
    "Last Price": "7.10",
    "Bid": "6.80",
    "Ask": "7.20",
    "Change": "2.01",
    "percentChange": "39.49%",
    "Volume": "743",
    "OpenInterest": "430",
    "ImpliedVolatility": "123.78%"
  },
  {
    "Contract Name": "SNOW201218P00325000",
    "Last Trade Date": "2020-12-11T20:55",
    "Strike": "325.00",
    "Last Price": "8.48",
    "Bid": "7.90",
    "Ask": "9.10",
    "Change": "2.38",
    "percentChange": "39.02%",
    "Volume": "265",
    "OpenInterest": "465",
    "ImpliedVolatility": "124.37%"
  },
  {
    "Contract Name": "SNOW201218P00330000",
    "Last Trade Date": "2020-12-11T20:58",
    "Strike": "330.00",
    "Last Price": "10.18",
    "Bid": "9.60",
    "Ask": "10.50",
    "Change": "2.98",
    "percentChange": "41.39%",
    "Volume": "633",
    "OpenInterest": "970",
    "ImpliedVolatility": "123.93%"
  },
  {
    "Contract Name": "SNOW201218P00335000",
    "Last Trade Date": "2020-12-11T20:58",
    "Strike": "335.00",
    "Last Price": "11.83",
    "Bid": "11.00",
    "Ask": "12.40",
    "Change": "3.79",
    "percentChange": "47.14%",
    "Volume": "229",
    "OpenInterest": "279",
    "ImpliedVolatility": "122.93%"
  },
  {
    "Contract Name": "SNOW201218P00340000",
    "Last Trade Date": "2020-12-11T20:59",
    "Strike": "340.00",
    "Last Price": "13.69",
    "Bid": "13.10",
    "Ask": "14.10",
    "Change": "4.19",
    "percentChange": "44.11%",
    "Volume": "334",
    "OpenInterest": "513",
    "ImpliedVolatility": "122.35%"
  },
  {
    "Contract Name": "SNOW201218P00345000",
    "Last Trade Date": "2020-12-11T20:59",
    "Strike": "345.00",
    "Last Price": "15.92",
    "Bid": "15.10",
    "Ask": "16.80",
    "Change": "4.62",
    "percentChange": "40.88%",
    "Volume": "280",
    "OpenInterest": "544",
    "ImpliedVolatility": "123.38%"
  },
  {
    "Contract Name": "SNOW201218P00350000",
    "Last Trade Date": "2020-12-11T20:58",
    "Strike": "350.00",
    "Last Price": "18.50",
    "Bid": "17.50",
    "Ask": "18.90",
    "Change": "5.46",
    "percentChange": "41.87%",
    "Volume": "1,693",
    "OpenInterest": "1,444",
    "ImpliedVolatility": "122.52%"
  },
  {
    "Contract Name": "SNOW201218P00355000",
    "Last Trade Date": "2020-12-11T20:58",
    "Strike": "355.00",
    "Last Price": "21.30",
    "Bid": "20.00",
    "Ask": "22.00",
    "Change": "6.97",
    "percentChange": "48.64%",
    "Volume": "861",
    "OpenInterest": "230",
    "ImpliedVolatility": "123.82%"
  },
  {
    "Contract Name": "SNOW201218P00360000",
    "Last Trade Date": "2020-12-11T20:57",
    "Strike": "360.00",
    "Last Price": "23.31",
    "Bid": "23.20",
    "Ask": "24.80",
    "Change": "6.17",
    "percentChange": "36.00%",
    "Volume": "409",
    "OpenInterest": "550",
    "ImpliedVolatility": "125.15%"
  },
  {
    "Contract Name": "SNOW201218P00365000",
    "Last Trade Date": "2020-12-11T20:59",
    "Strike": "365.00",
    "Last Price": "27.20",
    "Bid": "24.90",
    "Ask": "28.10",
    "Change": "8.80",
    "percentChange": "47.83%",
    "Volume": "751",
    "OpenInterest": "566",
    "ImpliedVolatility": "122.30%"
  },
  {
    "Contract Name": "SNOW201218P00370000",
    "Last Trade Date": "2020-12-11T20:55",
    "Strike": "370.00",
    "Last Price": "29.40",
    "Bid": "29.50",
    "Ask": "31.20",
    "Change": "7.10",
    "percentChange": "31.84%",
    "Volume": "509",
    "OpenInterest": "347",
    "ImpliedVolatility": "126.64%"
  },
  {
    "Contract Name": "SNOW201218P00375000",
    "Last Trade Date": "2020-12-11T20:50",
    "Strike": "375.00",
    "Last Price": "30.55",
    "Bid": "30.40",
    "Ask": "35.00",
    "Change": "6.15",
    "percentChange": "25.20%",
    "Volume": "218",
    "OpenInterest": "337",
    "ImpliedVolatility": "120.50%"
  },
  {
    "Contract Name": "SNOW201218P00380000",
    "Last Trade Date": "2020-12-11T20:39",
    "Strike": "380.00",
    "Last Price": "37.37",
    "Bid": "34.60",
    "Ask": "38.40",
    "Change": "10.27",
    "percentChange": "37.90%",
    "Volume": "226",
    "OpenInterest": "359",
    "ImpliedVolatility": "122.46%"
  },
  {
    "Contract Name": "SNOW201218P00385000",
    "Last Trade Date": "2020-12-11T20:55",
    "Strike": "385.00",
    "Last Price": "38.61",
    "Bid": "37.70",
    "Ask": "42.30",
    "Change": "8.36",
    "percentChange": "27.64%",
    "Volume": "79",
    "OpenInterest": "234",
    "ImpliedVolatility": "121.42%"
  },
  {
    "Contract Name": "SNOW201218P00390000",
    "Last Trade Date": "2020-12-11T20:51",
    "Strike": "390.00",
    "Last Price": "41.30",
    "Bid": "41.30",
    "Ask": "45.90",
    "Change": "8.80",
    "percentChange": "27.08%",
    "Volume": "55",
    "OpenInterest": "316",
    "ImpliedVolatility": "119.95%"
  },
  {
    "Contract Name": "SNOW201218P00395000",
    "Last Trade Date": "2020-12-11T20:55",
    "Strike": "395.00",
    "Last Price": "46.24",
    "Bid": "46.10",
    "Ask": "50.00",
    "Change": "8.91",
    "percentChange": "23.87%",
    "Volume": "28",
    "OpenInterest": "81",
    "ImpliedVolatility": "123.80%"
  },
  {
    "Contract Name": "SNOW201218P00400000",
    "Last Trade Date": "2020-12-11T20:51",
    "Strike": "400.00",
    "Last Price": "50.59",
    "Bid": "48.90",
    "Ask": "54.10",
    "Change": "10.19",
    "percentChange": "25.22%",
    "Volume": "78",
    "OpenInterest": "622",
    "ImpliedVolatility": "118.91%"
  },
  {
    "Contract Name": "SNOW201218P00405000",
    "Last Trade Date": "2020-12-11T18:04",
    "Strike": "405.00",
    "Last Price": "58.40",
    "Bid": "53.60",
    "Ask": "58.40",
    "Change": "14.80",
    "percentChange": "33.94%",
    "Volume": "201",
    "OpenInterest": "245",
    "ImpliedVolatility": "121.62%"
  },
  {
    "Contract Name": "SNOW201218P00410000",
    "Last Trade Date": "2020-12-11T18:50",
    "Strike": "410.00",
    "Last Price": "60.90",
    "Bid": "57.50",
    "Ask": "62.70",
    "Change": "12.90",
    "percentChange": "26.88%",
    "Volume": "4",
    "OpenInterest": "83",
    "ImpliedVolatility": "119.90%"
  },
  {
    "Contract Name": "SNOW201218P00415000",
    "Last Trade Date": "2020-12-11T20:30",
    "Strike": "415.00",
    "Last Price": "61.40",
    "Bid": "61.80",
    "Ask": "68.10",
    "Change": "10.30",
    "percentChange": "20.16%",
    "Volume": "1",
    "OpenInterest": "47",
    "ImpliedVolatility": "124.73%"
  },
  {
    "Contract Name": "SNOW201218P00420000",
    "Last Trade Date": "2020-12-11T19:06",
    "Strike": "420.00",
    "Last Price": "67.52",
    "Bid": "66.30",
    "Ask": "71.90",
    "Change": "15.02",
    "percentChange": "28.61%",
    "Volume": "6",
    "OpenInterest": "65",
    "ImpliedVolatility": "121.61%"
  },
  {
    "Contract Name": "SNOW201218P00425000",
    "Last Trade Date": "2020-12-10T20:41",
    "Strike": "425.00",
    "Last Price": "58.30",
    "Bid": "72.40",
    "Ask": "76.70",
    "Change": "0.00",
    "percentChange": "0.00%",
    "Volume": "4",
    "OpenInterest": "33",
    "ImpliedVolatility": "132.47%"
  },
  {
    "Contract Name": "SNOW201218P00430000",
    "Last Trade Date": "2020-12-11T20:27",
    "Strike": "430.00",
    "Last Price": "75.02",
    "Bid": "77.20",
    "Ask": "81.30",
    "Change": "14.12",
    "percentChange": "23.19%",
    "Volume": "1",
    "OpenInterest": "29",
    "ImpliedVolatility": "134.74%"
  },
  {
    "Contract Name": "SNOW201218P00435000",
    "Last Trade Date": "2020-12-11T20:38",
    "Strike": "435.00",
    "Last Price": "78.10",
    "Bid": "81.10",
    "Ask": "88.50",
    "Change": "18.70",
    "percentChange": "31.48%",
    "Volume": "4",
    "OpenInterest": "11",
    "ImpliedVolatility": "146.66%"
  },
  {
    "Contract Name": "SNOW201218P00440000",
    "Last Trade Date": "2020-12-10T15:49",
    "Strike": "440.00",
    "Last Price": "66.00",
    "Bid": "85.70",
    "Ask": "93.80",
    "Change": "0.00",
    "percentChange": "0.00%",
    "Volume": "1",
    "OpenInterest": "64",
    "ImpliedVolatility": "151.59%"
  },
  {
    "Contract Name": "SNOW201218P00445000",
    "Last Trade Date": "2020-12-10T19:21",
    "Strike": "445.00",
    "Last Price": "73.50",
    "Bid": "90.30",
    "Ask": "98.30",
    "Change": "0.00",
    "percentChange": "0.00%",
    "Volume": "4",
    "OpenInterest": "7",
    "ImpliedVolatility": "151.54%"
  },
  {
    "Contract Name": "SNOW201218P00450000",
    "Last Trade Date": "2020-12-10T19:18",
    "Strike": "450.00",
    "Last Price": "76.61",
    "Bid": "95.30",
    "Ask": "103.50",
    "Change": "0.00",
    "percentChange": "0.00%",
    "Volume": "14",
    "OpenInterest": "24",
    "ImpliedVolatility": "157.96%"
  },
  {
    "Contract Name": "SNOW201218P00455000",
    "Last Trade Date": "2020-12-08T20:21",
    "Strike": "455.00",
    "Last Price": "74.90",
    "Bid": "100.00",
    "Ask": "108.00",
    "Change": "0.00",
    "percentChange": "0.00%",
    "Volume": "13",
    "OpenInterest": "15",
    "ImpliedVolatility": "157.81%"
  },
  {
    "Contract Name": "SNOW201218P00460000",
    "Last Trade Date": "2020-12-09T15:24",
    "Strike": "460.00",
    "Last Price": "82.20",
    "Bid": "104.60",
    "Ask": "111.50",
    "Change": "0.00",
    "percentChange": "0.00%",
    "Volume": "2",
    "OpenInterest": "8",
    "ImpliedVolatility": "148.44%"
  },
  {
    "Contract Name": "SNOW201218P00465000",
    "Last Trade Date": "2020-12-08T19:24",
    "Strike": "465.00",
    "Last Price": "69.50",
    "Bid": "109.30",
    "Ask": "117.80",
    "Change": "0.00",
    "percentChange": "0.00%",
    "Volume": "2",
    "OpenInterest": "2",
    "ImpliedVolatility": "160.99%"
  },
  {
    "Contract Name": "SNOW201218P00470000",
    "Last Trade Date": "2020-12-08T19:58",
    "Strike": "470.00",
    "Last Price": "85.20",
    "Bid": "113.50",
    "Ask": "121.40",
    "Change": "0.00",
    "percentChange": "0.00%",
    "Volume": "14",
    "OpenInterest": "22",
    "ImpliedVolatility": "146.17%"
  },
  {
    "Contract Name": "SNOW201218P00475000",
    "Last Trade Date": "2020-12-09T16:03",
    "Strike": "475.00",
    "Last Price": "97.28",
    "Bid": "118.00",
    "Ask": "126.30",
    "Change": "0.00",
    "percentChange": "0.00%",
    "Volume": "2",
    "OpenInterest": "10",
    "ImpliedVolatility": "143.55%"
  },
  {
    "Contract Name": "SNOW201218P00480000",
    "Last Trade Date": "2020-12-10T20:35",
    "Strike": "480.00",
    "Last Price": "106.51",
    "Bid": "123.00",
    "Ask": "131.30",
    "Change": "0.00",
    "percentChange": "0.00%",
    "Volume": "1",
    "OpenInterest": "14",
    "ImpliedVolatility": "147.56%"
  },
  {
    "Contract Name": "SNOW201218P00485000",
    "Last Trade Date": "2020-12-10T20:35",
    "Strike": "485.00",
    "Last Price": "111.31",
    "Bid": "128.10",
    "Ask": "136.30",
    "Change": "0.00",
    "percentChange": "0.00%",
    "Volume": "1",
    "OpenInterest": "3",
    "ImpliedVolatility": "152.78%"
  },
  {
    "Contract Name": "SNOW201218P00490000",
    "Last Trade Date": "2020-12-08T15:49",
    "Strike": "490.00",
    "Last Price": "77.50",
    "Bid": "132.90",
    "Ask": "141.40",
    "Change": "0.00",
    "percentChange": "0.00%",
    "Volume": "2",
    "OpenInterest": "2",
    "ImpliedVolatility": "155.42%"
  },
  {
    "Contract Name": "SNOW201218P00500000",
    "Last Trade Date": "2020-12-09T17:48",
    "Strike": "500.00",
    "Last Price": "131.00",
    "Bid": "142.60",
    "Ask": "150.60",
    "Change": "0.00",
    "percentChange": "0.00%",
    "Volume": "2",
    "OpenInterest": "2",
    "ImpliedVolatility": "145.41%"
  },
  {
    "Contract Name": "SNOW201218P00510000",
    "Last Trade Date": "2020-12-08T14:41",
    "Strike": "510.00",
    "Last Price": "110.00",
    "Bid": "152.60",
    "Ask": "160.50",
    "Change": "0.00",
    "percentChange": "0.00%",
    "Volume": "17",
    "OpenInterest": "17",
    "ImpliedVolatility": "150.10%"
  },
  {
    "Contract Name": "SNOW201218P00520000",
    "Last Trade Date": "2020-12-11T19:26",
    "Strike": "520.00",
    "Last Price": "160.40",
    "Bid": "162.60",
    "Ask": "171.20",
    "Change": "10.50",
    "percentChange": "7.00%",
    "Volume": "1",
    "OpenInterest": "6",
    "ImpliedVolatility": "169.97%"
  },
  {
    "Contract Name": "SNOW201218P00525000",
    "Last Trade Date": "2020-12-10T16:53",
    "Strike": "525.00",
    "Last Price": "142.50",
    "Bid": "167.60",
    "Ask": "176.00",
    "Change": "0.00",
    "percentChange": "0.00%",
    "Volume": "1",
    "OpenInterest": "3",
    "ImpliedVolatility": "169.92%"
  },
  {
    "Contract Name": "SNOW201218P00540000",
    "Last Trade Date": "2020-12-09T19:25",
    "Strike": "540.00",
    "Last Price": "167.60",
    "Bid": "182.50",
    "Ask": "191.10",
    "Change": "0.00",
    "percentChange": "0.00%",
    "Volume": "2",
    "OpenInterest": "1",
    "ImpliedVolatility": "179.69%"
  },
  {
    "Contract Name": "SNOW201218P00560000",
    "Last Trade Date": "2020-12-08T14:47",
    "Strike": "560.00",
    "Last Price": "177.50",
    "Bid": "202.40",
    "Ask": "211.20",
    "Change": "0.00",
    "percentChange": "0.00%",
    "Volume": "4",
    "OpenInterest": "6",
    "ImpliedVolatility": "192.19%"
  }
]